text,part,page,t
(مُقَدّمَة الْكتاب),1,4,book
(حرف الْألف),1,6,section
ذكر الأحمدين,1,189,section
(ذكر من اسْمه إِدْرِيس إِلَى انْتِهَاء حرف الْألف),2,265,section
 الْجُزْء ,2,331,book
(المجلد الثَّانِي),2,331,section
(الْجُزْء الثَّالِث),2,331,book
(حرف الْبَاء الْمُوَحدَة),2,332,section
(من اسْمه بدر),3,2,section
(من اسْمه بردبك),3,3,section
(من اسْمه برسباي),3,6,section
(من اسْمه بَرَكَات),3,12,section
(حرف التَّاء الْمُثَنَّاة),3,23,section
(من اسْمه تغري بردى),3,26,section
(حرف الثَّاء الْمُثَلَّثَة),3,49,section
(حرف الْجِيم),3,50,section
(حرف الْحَاء الْمُهْملَة),3,86,section
(من اسْمه حسن),3,90,section
(من اسْمه حُسَيْن),3,133,section
(من اسْمه حَمْزَة),3,162,section
(حرف الْخَاء الْمُعْجَمَة),3,168,section
(من اسْمه خَالِد),3,169,section
(حرف الدَّال الْمُهْملَة),3,209,section
(حرف الذَّال الْمُعْجَمَة),3,221,section
(حرف الرَّاء الْمُهْملَة),3,221,section
(حرف الزَّاي المنقوطة),3,230,section
(حرف السِّين الْمُهْملَة),3,239,section
(ذكر من اسْمه سودون وَكلهمْ جركسيون),3,274,section
(حرف الشين الْمُعْجَمَة),3,288,section
(حرف الصَّاد الْمُهْملَة),3,310,section
(من اسْمه صَالح),3,310,section
(من اسْمه صَدَقَة),3,316,section
 الْجُزْء ,3,322,book
(الْجُزْء الرَّابِع),3,322,book
(حرف الضَّاد الْمُعْجَمَة),3,323,section
(حرف الطَّاء الْمُهْملَة),3,323,section
(حرف الظَّاء الْمُعْجَمَة),4,13,section
(حرف الْعين الْمُهْملَة),4,15,section
(من اسْمه عبد الله),4,341,section
(من اسْمه عَليّ),5,150,section
(حرف الْغَيْن الْمُعْجَمَة),6,158,section
(حرف الْفَاء),6,160,section
(حرف الْقَاف),6,176,section
(حرف الْكَاف),6,225,section
(حرف اللَّام),6,231,section
(حرف الْمِيم),6,233,section
(ذكر من اسْمه مُحَمَّد),6,240,section
 الْجُزْء ,6,312,book
(ذكر من اسْمه مَحْمُود),10,125,section
(حرف النُّون),10,193,section
(حرف الْهَاء),10,205,section
(حرف الْوَاو),10,208,section
(حرف اللَّام ألف),10,210,section
(حرف الْيَاء الْأَخِيرَة),10,210,section
(من اسْمه يحيى),10,213,section
كتاب الكنى,10,346,book
(حرف الْألف),10,346,section
(حرف الْبَاء الْمُوَحدَة),11,2,section
(حرف التَّاء الْمُثَنَّاة),11,100,section
(حرف الْجِيم),11,100,section
(حرف الْحَاء الْمُهْملَة),11,100,section
(حرف الْخَاء الْمُعْجَمَة),11,104,section
(حرف الدَّال الْمُهْملَة),11,109,section
(حرف الذَّال الْمُعْجَمَة),11,109,section
(حرف الرَّاء الْمُهْملَة),11,110,section
(حرف الزَّاي),11,110,section
(حرف السِّين الْمُهْملَة),11,111,section
(حرف الشين الْمُعْجَمَة),11,115,section
(حرف الصَّاد الْمُهْملَة),11,115,section
(حرف الطَّاء الْمُهْملَة),11,115,section
(حرف الْعين الْمُهْملَة),11,118,section
(حرف الْغَيْن الْمُعْجَمَة),11,119,section
(حرف الْفَاء),11,120,section
(حرف الْقَاف),11,130,section
(حرف الْكَاف),11,140,section
(حرف اللَّام),11,141,section
(حرف الْمِيم),11,141,section
(حرف النُّون),11,142,section
(حرف الْهَاء),11,145,section
(حرف الْوَاو),11,146,section
(حرف اللَّام وَألف),11,146,section
(حرف الْيَاء),11,146,section
كتاب الألقاب,11,151,book
(حرف الْبَاء الْمُوَحدَة),11,151,section
(حرف التَّاء الْمُثَنَّاة),11,153,section
(حرف الْجِيم),11,154,section
(حرف الْحَاء الْمُهْملَة),11,156,section
(حرف الْخَاء الْمُعْجَمَة),11,156,section
(حرف الرَّاء الْمُهْملَة),11,156,section
(حرف الزاي),11,157,section
(حرف الشين الْمُعْجَمَة),11,158,section
(حرف الصَّاد الْمُهْملَة),11,160,section
(حرف الضَّاد الْمُعْجَمَة),11,161,section
(حرف الظَّاء الْمُعْجَمَة),11,161,section
(حرف الْعين الْمُهْملَة),11,161,section
(حرف الْغَيْن الْمُعْجَمَة),11,162,section
(حرف الْفَاء),11,162,section
(حرف الْقَاف),11,163,section
(حرف الْكَاف),11,164,section
(حرف اللَّام),11,164,section
(حرف الْمِيم),11,164,section
(حرف النُّون),11,166,section
(حرف الْهَاء),11,167,section
(حرف الْوَاو),11,167,section
(فصل فِي ثَانِي قسمي الألقاب),11,168,section
(الْهمزَة),11,168,section
(الْبَاء الْمُوَحدَة),11,168,section
(الْمُثَنَّاة),11,169,section
(الْمُثَلَّثَة),11,169,section
(الْجِيم),11,169,section
(الْحَاء الْمُهْملَة),11,169,section
(الْخَاء الْمُعْجَمَة),11,169,section
(الدَّال الْمُهْملَة),11,170,section
(الذَّال الْمُعْجَمَة),11,170,section
(الرَّاء الْمُهْملَة),11,171,section
(الزَّاي المنقوطة),11,171,section
(حرف السِّين الْمُهْملَة),11,173,section
(الشين الْمُعْجَمَة),11,174,section
(حرف الصَّاد الْمُهْملَة),11,175,section
(الضَّاد الْمُعْجَمَة),11,175,section
(الطَّاء الْمُهْملَة),11,175,section
(الظَّاء الْمُعْجَمَة),11,176,section
(الْعين الْمُهْملَة),11,176,section
(الْغَيْن الْمُعْجَمَة),11,176,section
(الْفَاء),11,176,section
(حرف الْقَاف),11,177,section
(الْكَاف),11,177,section
(حرف اللَّام),11,178,section
(حرف الْمِيم),11,178,section
(حرف النُّون),11,179,section
(حرف الْهَاء),11,180,section
(حرف الْوَاو),11,180,section
(كتاب الْأَنْسَاب),11,180,book
(حرف الْألف),11,180,section
(حرف الْبَاء الْمُوَحدَة),11,187,section
(حرف التَّاء الْمُثَنَّاة),11,193,section
(حرف الْجِيم),11,194,section
(حرف الْحَاء الْمُهْملَة),11,196,section
(حرف الْخَاء الْمُعْجَمَة),11,198,section
(حرف الدَّال الْمُهْملَة),11,199,section
(حرف الذَّال الْمُعْجَمَة),11,202,section
(حرف الرَّاء الْمُهْملَة),11,202,section
(حرف الزَّاي المنقوطة),11,203,section
(حرف السِّين الْمُهْملَة),11,205,section
(حرف الشين الْمُعْجَمَة),11,208,section
(حرف الصَّاد الْمُهْملَة),11,209,section
(حرف الضَّاد الْمُعْجَمَة),11,211,section
(حرف الطَّاء الْمُهْملَة),11,211,section
(حرف الظَّاء الْمُعْجَمَة),11,212,section
(حرف الْعين الْمُهْملَة),11,213,section
(حرف الْغَيْن الْمُعْجَمَة),11,215,section
(حرف الْفَاء),11,216,section
(حرف الْقَاف),11,218,section
(حرف الْكَاف),11,221,section
(حرف اللَّام),11,223,section
(حرف الْمِيم),11,223,section
(حرف النُّون),11,229,section
(حرف الْهَاء),11,231,section
(حرف الْوَاو),11,232,section
(حرف الْيَاء الْأَخِيرَة),11,232,section
(الْقسم الثَّانِي),11,233,section
(كتاب من عرف بِابْن فلَان),11,233,book
(حرف الْبَاء الْمُوَحدَة),11,235,section
(حرف التَّاء الْمُثَنَّاة),11,237,section
(حرف الثَّاء الْمُثَلَّثَة),11,238,section
(حرف الْجِيم),11,238,section
(حرف الْحَاء الْمُهْملَة),11,241,section
(حرف الْخَاء الْمُعْجَمَة),11,244,section
(حرف الدَّال),11,245,section
(حرف الذَّال الْمُعْجَمَة),11,246,section
(حرف الرَّاء الْمُهْملَة),11,246,section
(حرف الزَّاي المنقوطة),11,248,section
(حرف السِّين الْمُهْملَة),11,249,section
(حرف الشين الْمُعْجَمَة),11,251,section
(حرف الصَّاد الْمُهْملَة),11,253,section
(حرف الضَّاد الْمُعْجَمَة),11,254,section
(حرف الطَّاء الْمُهْملَة),11,254,section
(حرف الظَّاء الْمُعْجَمَة),11,255,section
(حرف الْعين الْمُهْملَة),11,256,section
(حرف الْغَيْن الْمُعْجَمَة),11,261,section
(حرف الْفَاء),11,262,section
(حرف الْقَاف),11,264,section
(حرف الْكَاف),11,267,section
(حرف اللَّام),11,268,section
(حرف الْمِيم),11,268,section
(حرف النُّون),11,272,section
(حرف الْهَاء),11,273,section
(حرف الْوَاو),11,274,section
(حرف الْيَاء الْأَخِيرَة),11,275,section
فصل,11,275,section
فصل,11,276,section
كتاب مُعْجم النِّسَاء,11,277,book
(حرف الْهمزَة),11,277,section
(حرف الْبَاء الْمُوَحدَة),12,10,section
(حرف التَّاء الْمُثَنَّاة),12,14,section
(حرف الْجِيم),12,16,section
(حرف الْحَاء الْمُهْملَة),12,18,section
(حرف الْخَاء الْمُعْجَمَة),12,22,section
(حرف الدَّال الْمُهْملَة),12,32,section
(حرف الذَّال الْمُعْجَمَة),12,32,section
(حرف الرَّاء الْمُهْملَة),12,33,section
(حرف الزَّاي المنقوطة),12,36,section
(حرف السِّين الْمُهْملَة),12,50,section
(حرف الشين الْمُعْجَمَة),12,66,section
حرف الصَّاد الْمُهْملَة,12,69,section
حرف الضَّاد الْمُعْجَمَة,12,71,section
حرف الطَّاء الْمُهْملَة,12,71,section
حرف الظَّاء الْمُعْجَمَة,12,71,section
حرف الْعين الْمُهْملَة,12,71,section
(حرف الْغَيْن الْمُعْجَمَة),12,84,section
(حرف الْفَاء),12,85,section
(حرف الْقَاف),12,115,section
(حرف الْكَاف),12,116,section
(حرف اللَّام),12,121,section
(حرف الْمِيم),12,122,section
(حرف النُّون),12,128,section
(حرف الْهَاء),12,130,section
(حرف الْوَاو),12,132,section
(حرف الْيَاء الْأَخِيرَة),12,132,section
(كتاب الكنى من النِّسَاء),12,132,book
(حرف الْهمزَة),12,132,section
(حرف الْبَاء الْمُوَحدَة),12,133,section
(حرف التَّاء الْمُثَنَّاة),12,133,section
(حرف الْجِيم),12,133,section
(حرف الْحَاء الْمُهْملَة),12,133,section
(حرف الْخَاء),12,142,section
(حرف الدَّال),12,145,section
(حرف الرَّاء الْمُهْملَة),12,145,section
(حريف الزَّاي),12,146,section
(حرف السِّين الْمُهْملَة),12,146,section
(حرف الشين الْمُعْجَمَة),12,146,section
(حرف الصَّاد الْمُهْملَة),12,146,section
(حرف الْعين الْمُهْملَة),12,146,section
(حرف الْغَيْن الْمُعْجَمَة),12,147,section
(حرف الْفَاء),12,147,section
(حرف الْقَاف),12,147,section
(حرف الْكَاف),12,147,section
(حرف الْمِيم),12,153,section
(حرف النُّون),12,154,section
(حرف الْهَاء),12,154,section
(حرف الْوَاو),12,160,section
(حرف الْيَاء الْأَخِيرَة),12,160,section
المبهمات,12,160,section
