,index,value_counts
0,مصر,336
1,المعلاة,109
2,الهند,95
3,المغرب,77
4,الNOAN,74
5,الأزهر,73
6,البرقوقية,58
7,رقوق,58
8,الإسكندرية,58
9,بولاق,57
10,القرافة,54
11,البيبرسية,53
12,باب النصر,48
13,البحر,47
14,الكرك,46
15,الصعيد,44
16,برسباي,44
17,حوش,39
18,الحنابلة,39
20,الطاعون,38
19,بالبقيع,38
21,البيمارستان,33
22,أمد,31
23,سرياقوس,31
24,النصر,29
25,قاسيون,29
26,أوائل,28
27,الديار,28
28,طولون,28
31,بالصالحية,27
30,الروم,27
29,الأندلس,27
32,الاستادارية,25
33,الصرغتمشية,25
34,السلطنة,25
35,الحرمين,24
36,بالبيبرسية,24
37,بالخانقاه,23
38,حانوت,23
39,الحبشة,23
42,حماه,22
40,الدوادارية,22
41,خانقاه,22
43,بالحسينية,21
44,قطنها,20
45,الأشرف,20
46,خشقدم,19
47,قوصون,18
48,سويقه,18
49,طبلخاناه,18
50,بالصرغتمشية,18
53,خراسان,17
54,المنوفية,17
52,عجلون,17
51,الحرم,17
55,قنطرة,16
56,سودون,16
57,المنكوتمرية,16
58,بالمؤيدية,16
64,بالمنكوتمرية,15
67,الأقصى,15
66,فارس,15
65,طنتدا,15
61,قبرس,15
63,قطيا,15
62,نوروز,15
60,بالباسطية,15
59,ببلبيس,15
68,الينبوع,14
69,اتابكية,14
70,والرملة,14
71,منية,13
72,المؤيدية,13
73,جركس,13
74,كائنة,13
75,بمنوف,13
76,المؤمني,13
77,أسيوط,13
81,بالاشرفية,12
82,تمربغا,12
79,وادي نخلة,12
80,شهبه,12
78,جوشن,12
83,قلعة الجبل,11
84,الاتابكية,11
85,بفارسكور,11
86,الثغر,11
87,كيفا,11
88,يلبغا,11
89,باب زويلة,11
90,الحجازية,11
95,بطالا,10
98,اينال,10
97,بالمعجمة,10
96,أذربيجان,10
94,طشتمر,10
93,بركة الرطلي,10
92,تمرلنك,10
91,الحرم النبوي,10
109,خازندارا,9
117,لبيس,9
116,بالشيخونية,9
115,برصا,9
114,ططر,9
113,بسنباط,9
112,باب تومأ,9
111,وادي مر,9
110,صالحيه,9
106,يشبك,9
108,الجيزية,9
105,الدوادار,9
104,باب الفراديس,9
103,ك+ أبيه,9
102,برجوان,9
101,وجده,9
100,الإسطبل,9
99,أخور,9
107,باب الشعرية,9
138,الشريفية,8
133,باب الصغير,8
134,العجم,8
135,بخانقاه,8
136,رودس,8
137,بالحسنية,8
142,طائفة,8
139,الأزبكية,8
140,عنتاب,8
141,الكهولة,8
143,حوران,8
131,سعيد,8
132,بماملا,8
120,المرستان,8
130,بسمنود,8
123,الدريس,8
129,سحر,8
118,تمراز,8
119,كلبرجة,8
122,بكازرون,8
121,بالقراسنقرية,8
124,اللنكية,8
125,المهملة,8
126,باب الوزير,8
127,أزبك,8
128,التبانة,8
168,بجوجر,7
162,بطنتدا,7
163,الجمدارية,7
164,الزمامية,7
165,ماملا,7
166,المهمندارية,7
167,سلخ,7
174,فوه,7
169,الفرنج,7
170,ايتمش,7
171,جيله,7
172,البرقية,7
173,ظاهر,7
160,ارزنكان,7
161,والبيبرسية,7
150,القليوبية,7
159,حضرة,7
151,الموسكي,7
158,فوت,7
145,النبوية,7
147,بالمحمودية,7
148,إسطنبول,7
149,البرلس,7
144,بمنفلوط,7
146,الموطأ,7
152,البهنساوية,7
154,الخازندارية,7
155,الخانقاه,7
156,رغبة,7
157,الاهناسية,7
153,قانباي,7
195,قنطرة الموسكي,6
190,طيلان,6
191,بسرياقوس,6
192,المملكة,6
193,الشمس,6
198,حراء,6
196,هرمز,6
197,قانم,6
199,المعرة,6
200,القطبية,6
188,نون,6
189,جقمق,6
194,السويقة,6
187,أنبائه,6
181,NOAN,6
186,المقسم,6
177,بالرملة,6
178,س+ نهور,6
179,صرغتمش,6
180,المسجد الأقصى,6
176,الأقمر,6
175,المغرب الأقصى,6
183,الظاهر رقوق,6
184,حضرتي,6
185,والشيخونية,6
182,رمضان,6
236,قديدار,5
240,أجياد,5
239,الحرم الشريف,5
238,سكره,5
237,ك+ رمان,5
234,باب البحر,5
235,عين حنين,5
233,وخازندارا,5
232,باب الفتوح,5
231,الينبع,5
242,أم هانئ,5
241,بادكو,5
248,الحرام,5
243,بردبك,5
244,القجماسية,5
245,بالتنكزية,5
246,الوجه البحري,5
247,س+ نقر,5
249,الخليج,5
250,ببجاية,5
251,قناطر السباع,5
252,طبلخاناة,5
253,اتابكا,5
254,بالنحرارية,5
255,بملطية,5
228,الاخورية,5
229,سويقه الصاحب,5
230,أنطاكية,5
227,شبري,5
213,بابيار,5
226,الوراقين,5
201,رياسة,5
202,الإسهال,5
204,الكبش,5
205,رأس,5
206,تركيا,5
207,المتوسط,5
208,الشوبك,5
209,والصرغتمشية,5
210,الجورة,5
211,بتتا,5
212,بالمقس,5
203,الحياكة,5
214,بينبع,5
221,بالجودرية,5
225,جزيرة الفيل,5
215,القبيبات,5
223,بفيشا,5
222,اتابكيتها,5
224,البذل,5
220,الصاحب,5
219,صعده,5
218,حوش البيبرسية,5
217,الصليبة,5
216,قلعة,5
321,بيت,4
312,بابوتيج,4
320,الطبلخاناة,4
319,الركنية,4
318,بسرمين,4
317,الجوق,4
316,حوش سعيد,4
315,تنكز,4
314,نشأ,4
313,بالفاضلية,4
307,والخروبية,4
311,عسكر,4
310,البقيع,4
309,الجركسي,4
308,شكار,4
306,زاوية,4
305,تربة البيبرسية,4
304,بكنباية,4
303,الباب الجديد,4
323,الخدام,4
322,شبيكة,4
337,الشيخونية,4
324,بقوص,4
325,مصرة,4
301,اللنك,4
345,المقطم,4
344,بكيلان,4
342,بديروط,4
341,كوكاي,4
340,بركة الحاج,4
339,رأس سويقه,4
338,البدر,4
336,الزمام,4
335,بالايتمشية,4
334,قطيه,4
333,الفسقية,4
332,بخاري,4
331,القراسنقرية,4
330,أماكن,4
329,بنجالة,4
328,اشموم الرمان,4
327,بمردا,4
326,بعنتاب,4
302,والباسطية,4
343,قلمطاي,4
300,بالطيبرسية,4
266,وهرموز,4
275,دمرداش,4
274,قمن,4
273,بالزمامية,4
272,أسط,4
271,جاور,4
270,ومنوف,4
269,آب,4
268,الهمزة,4
267,المليسا,4
265,الديار المصرية,4
277,البندقانيين,4
264,خان,4
263,الجعبري,4
262,والمؤيدية,4
261,والصالحية,4
259,القمح,4
256,الحسبة,4
258,الريدانية,4
257,الخواجا,4
299,الشاطبية,4
276,المزهرية,4
260,مر,4
278,الطيبرسية,4
289,والخازندارية,4
279,النحرارية,4
298,وبالمؤيدية,4
297,تحتانية,4
295,الزردكاشية,4
294,سلطنة,4
293,سلمون,4
292,بالتكرور,4
291,جيم,4
290,ردي,4
296,والقانبيهية,4
288,س+ يواس,4
284,شقير,4
287,المقدس,4
281,الاسنوي,4
283,البحر المالح,4
282,الصبيبة,4
285,الفرائض,4
286,انبابة,4
280,بالزينية,4
441,بالمهمندارية,3
442,باطفيح,3
448,أسوان,3
443,قلعة الروم,3
444,سبيل المؤمني,3
445,وبالخروبية,3
446,أبيه,3
447,العساكر,3
451,أنشآها,3
449,القرافة الصغرى,3
450,باب القنطرة,3
452,خزن,3
453,السعادة,3
454,الوراق,3
439,منية عساس,3
455,التكرور,3
440,جهانشاه,3
428,بسخا,3
438,الفخرية,3
437,بشتاك,3
457,بركة,3
422,قرايلك,3
423,عرفة,3
424,س+ نجار,3
425,والمنكوتمرية,3
426,غمر,3
427,الريف,3
429,مكة جاور,3
430,ينبوع,3
431,وادي,3
432,بانقوسا,3
433,بالمزاحميتين,3
434,باب المحروق,3
435,البطن,3
436,المحلة الكبري,3
456,والقراسنقرية,3
480,المكارية,3
458,مكة بحرا,3
477,السراج,3
479,منية بدران,3
420,بالسميساطية,3
481,إسرائيل,3
482,خربه روحا,3
483,أرغون,3
484,الشفا,3
485,السابقية,3
486,سفارة,3
487,العقيبة,3
488,بالاقبغاوية,3
489,الخروبية,3
490,القلندرية,3
491,قرابة,3
492,الدهيشة,3
493,بحدرة,3
478,الأحمدين,3
476,الأسدية,3
459,بغا,3
475,زقاق,3
460,فتح,3
461,القرشية,3
462,وكنباية,3
463,بالجيعانية,3
464,طاعون,3
465,حج,3
466,طقزدمر,3
467,بطوخ,3
468,بحارة,3
469,السودونية,3
470,قارا,3
471,الشرابشية,3
472,ايدغمش,3
473,بالخاتونية,3
474,بلقينة,3
421,سبط الزبير,3
494,الطبلخاناه,3
419,نواحي,3
363,قاف,3
365,الظاهر خشقدم,3
366,بالخروبية,3
367,منجك,3
368,صفيه,3
369,المكي,3
370,البنجالية,3
371,سعيد السعداء,3
372,أبي,3
373,تركمان,3
374,أسنا,3
375,ببرصا,3
376,استادارية,3
377,طبلخانات,3
378,قرم,3
379,ايساغوجي,3
364,قسطنطينية,3
362,بالبرلس,3
381,ك+ اليمن,3
361,عقبة أيلة,3
418,الايتمشية,3
346,بالخانكاه,3
347,الأشقر,3
348,المؤيد,3
349,الأقطار,3
350,الحرم المكي,3
351,بانبابة,3
352,الجمادين,3
353,بكرمان,3
354,قجماس,3
355,الكلاسة,3
356,الخوزي,3
357,ناحية,3
358,الاتابك,3
360,سكون,3
380,خاصكية,3
359,بخارا,3
382,صيرفيا,3
401,بالاشمونين,3
403,الإسماعيلية,3
404,قطن,3
405,أروي,3
406,البغاددة,3
407,بالغرابية,3
408,برسباى,3
409,سكندرية,3
411,الجعرانة,3
412,حارة,3
413,الخزائن,3
414,شاطئ النيل,3
415,القرآن,3
416,قفصه,3
383,بيت الآبار,3
417,مكة حج,3
402,بكرك,3
410,أحمد أباد,3
400,بتروجة,3
391,الجيم,3
385,والمجاهدية,3
399,أردبيل,3
386,بخوارزم,3
387,سر,3
388,الحجوبية,3
384,الشرب,3
390,منية عباد,3
389,المحروق,3
398,دلي,3
393,مني,3
394,اليسير,3
395,الأجواق,3
396,تربة الصلاحية,3
397,كلبرجا,3
392,بالمؤمني,3
756,نادر,2
749,سجين,2
750,أدنى,2
751,بقوج,2
754,المملكة الحلبية,2
752,المغرب الأوسط,2
753,الوزر,2
757,الحصى,2
755,الجزيرة الوسطي,2
748,السين,2
741,الصارم,2
747,أر,2
746,الجملون,2
745,ساروجا,2
744,بالبيجور,2
743,اشقتمر,2
742,الغد,2
740,المومني,2
739,الحسا,2
759,بقطيا,2
738,دموه,2
758,بجاس,2
776,الممالك,2
760,مهر,2
772,اسعرد,2
736,الزاوية الحمراء,2
781,سودون النوروزي,2
780,القابون,2
779,قلائل,2
778,وببلبيس,2
777,قونية,2
775,العشاء,2
774,طائل,2
773,الطبلخانات,2
771,اورنة,2
761,آلاها,2
770,زفتا,2
769,درهمين,2
768,سودون اليشبكي,2
767,بالقانبهية,2
766,الجوانية,2
765,المقارزة,2
764,وقطيا,2
763,خازنداره,2
762,بالوزيرية,2
737,بوش,2
699,باشليم,2
735,كوكاى,2
734,ببلقينة,2
709,السباعين,2
708,بالمنجكية,2
707,ك+ الكوت,2
706,بالقفصي,2
705,القرا,2
704,الطويلية,2
703,البئر,2
702,تربة الناصر,2
701,واصبهان,2
700,شوال,2
783,إقليم,2
698,سويقه الفيل,2
697,كنانة,2
696,الكنز,2
695,أنشئت,2
694,بني وفا,2
693,جبل جوشن,2
692,تربة ماملا,2
691,الهروي,2
690,مرج بني عامر,2
689,العمائر,2
710,شبرا,2
711,عنبتا,2
712,بالختنية,2
724,بالعصرونية,2
733,الشاوية,2
732,والبدرية,2
731,شيخنا,2
730,الشعرية,2
729,جبل,2
728,بيبغاروس,2
727,النابلسية,2
726,الجيعانية,2
725,الدست,2
723,الكائنة,2
713,بالغزالية,2
722,باخطاب,2
721,اربل,2
720,جوجر,2
719,ك+ إسكندرية,2
718,بالرها,2
717,بابناس,2
716,يمكة,2
715,التصغير,2
714,القاياتي,2
782,القاهرية,2
820,الأبو,2
784,تنبك,2
785,خري,2
855,أوقاف,2
854,كلبشا,2
853,بالصليبة,2
852,أبسط,2
851,جرباش,2
850,أم القرى,2
849,يشأ,2
848,منية بنى سلسيل,2
847,والحسنية,2
846,لية,2
845,خان الخليلي,2
844,واربل,2
843,بالبندقدارية,2
842,بالشاغور,2
841,أبو تيج,2
840,بالكواز,2
839,البردبكية,2
838,خان السبيل,2
837,المارستان,2
836,بالقرابيص,2
835,الأقصر,2
856,شاه رخ,2
857,سكننا,2
858,والسعيدية,2
870,بعلك,2
687,بالنويرة,2
878,الراء,2
877,منية سمنود,2
876,برزه,2
875,الطبالة,2
874,جياد,2
873,ذروة,2
872,النبوي,2
871,الكلبكية,2
869,السرياقوسية,2
859,برقه,2
868,منية غمر,2
867,بالدوادارية,2
866,تمامه,2
865,شاطئ,2
864,ودسوق,2
863,بدهروط,2
862,ميم,2
861,بركة الرطلى,2
860,دلجة,2
834,أوراس,2
833,وادي مرفي,2
832,لفارسكور,2
796,بايج,2
805,حارة زويلة,2
804,الخوافي,2
803,حكر,2
802,بالبلبيسي,2
801,زائد,2
800,أدبا,2
799,تجمل,2
798,أقوس,2
797,الابوبكرية,2
795,الشمسي,2
807,وبالشيخونية,2
794,بالمنشية,2
793,بقجة,2
792,أم كمال,2
791,معجمه,2
790,البرهان,2
789,تفهنا,2
788,سفاقس,2
787,بالكاملية,2
786,السميساطية,2
806,ببخارا,2
808,المستنصرية,2
831,الكشكشي,2
821,الجوالي,2
830,النور,2
829,وسمنود,2
828,باللجون,2
827,قنطرة طقزدمر,2
826,دار العدل,2
825,بلاد التكرور,2
824,الأكراد,2
823,الدشت,2
822,بندر,2
819,الصاغة,2
809,مهملة,2
818,كمال,2
817,الميمون,2
816,الباب الصغير,2
815,بليدة,2
814,الأشرف اينال,2
813,المثناة,2
812,قطلبك,2
811,سويقه العزى,2
810,بزفتا,2
688,منطاش,2
686,أيام,2
530,روميه,2
590,ك+ الهند,2
564,الاستادار,2
563,أحمداباد,2
562,سعد,2
560,بالخبت,2
559,رامشت,2
558,للدوادار,2
557,الركراكي,2
556,أبهه,2
555,العناب,2
554,الوجه القبلي,2
553,قلعة المرقب,2
552,الحدس,2
551,الانكحة,2
550,كختا,2
549,جلجوليا,2
548,بيت الله,2
547,صاب,2
546,الطريني,2
545,الخطارة,2
544,الاذرعي,2
543,سروعة,2
565,طرخانا,2
566,بابرقوه,2
567,العجمي,2
579,الاخورية الكبري,2
588,شقحب,2
587,أدرنه,2
586,بالجيزية,2
585,محمود,2
584,قرقماس,2
583,حجوبية,2
582,بسوهاي,2
581,الحسام,2
580,والقيسارية,2
578,الماشي,2
568,باب الجابية,2
577,بني نصر,2
576,صاروجا,2
575,ك+ بغداد,2
574,طقز,2
573,بقارا,2
572,الموحدة,2
571,بندره,2
570,موحدتين,2
569,زائدة,2
542,تمامها,2
541,همزة,2
540,جمادى الأولى,2
504,الجوهرية,2
513,الشامية الجوانية,2
512,صودر,2
511,بالغراقة,2
510,بسمهود,2
509,جزيرة,2
508,سلطنة العزيز,2
507,بلولة,2
506,الأتراك,2
505,للزمامية,2
503,البسطامي,2
515,رأس العين,2
502,غيط,2
501,الشمس الغماري,2
500,بجبرين,2
499,تازه,2
498,حدره البقر,2
497,الميم,2
496,دابول,2
685,تربة أم الصالح,2
495,بالمرجوشية,2
514,والعذراوية,2
516,بساط,2
539,المناوي,2
528,لقس,2
538,سويقه اللبن,2
537,شورى,2
536,الشاذلية,2
535,أقصرا,2
534,بلارندة,2
533,بقراط,2
532,بالبدرية الخروبية,2
531,بوادياش,2
529,ك+ مران,2
527,الأبطح,2
517,الدرب الأصفر,2
526,بطلخا,2
525,درس,2
524,البادرائية,2
523,جيرون,2
522,بيت الدوادار,2
521,سفح,2
520,لططر,2
519,الصاحبية,2
518,صلاحية,2
589,س+ يحون,2
561,المهملتين,2
591,باب القرافة,2
638,ازدمر,2
660,قلقيليا,2
659,بسيوط,2
658,شبري الخيمة,2
657,قطلوبغا,2
656,سبك,2
655,الدهقلية,2
654,شارمساح,2
653,بالقابون,2
652,الصلاحية,2
651,لقطيا,2
650,إشبيلية,2
649,الأهرام,2
648,أفريقية,2
647,بالمويلحة,2
646,الألفية,2
645,رباط ربيع,2
644,أنشآه,2
643,درب السلسلة,2
642,وسرمين,2
641,منية عقبة,2
640,بشطنوف,2
661,البحر الملح,2
662,أبي عريش,2
663,الكلبرجية,2
675,بقيسارية,2
684,ايلياء,2
683,للصاحبية,2
682,بنطوبس,2
681,برشانة,2
680,الخراطين,2
679,كوم الريش,2
678,التاج,2
677,س+ نقريه,2
676,بالبيرسية,2
674,الخجندي,2
664,وفوه,2
673,بقلقشندة,2
672,عساس,2
671,السودان,2
670,الأحباس,2
669,بكالكوط,2
668,الطولونية,2
667,والحمامين,2
592,برددارية,2
665,الكدراء,2
639,بالحجون,2
666,الحكر,2
637,الكوم الأبيض,2
615,تنوخ,2
613,حذاء,2
612,بالحبانية,2
611,بدماص,2
610,الأغوار,2
609,موحدة,2
608,طيبغا,2
607,الصاد,2
606,قليشان,2
605,التنضب,2
604,منعم,2
603,منية ضالة,2
601,باذرنة,2
600,هولاكو,2
599,مكة بطالا,2
598,وطوخ,2
597,بيت هيأ,2
596,مملكة,2
595,بجهرم,2
593,بيرو,2
636,البندر,2
594,بالجعفرية,2
614,التربة الNOAN,2
602,أبي عروة,2
616,بالاقصرائي,2
626,جانم,2
634,وقوص,2
617,قبة المنصورية,2
633,عينتاب,2
632,جركسية,2
631,والبرلس,2
630,قرآ,2
628,هوت,2
635,باسطية,2
627,أوسط,2
629,عمرو,2
624,تيمور,2
623,تربة قجماس,2
622,الدارقطني,2
621,اشموم,2
620,الايدمري,2
619,بندر زيلع,2
625,الزحير,2
618,المزاحميتين,2
2208,سويين,1
2203,لصرغل,1
2199,منية الميرج,1
2200,للبلاطنسي,1
2201,بشبيش,1
2202,بيت قضاء,1
2206,كرك الشوبك,1
2204,ولارندة,1
2209,جيربك,1
2205,بالقزافة,1
2207,الجسر الأبيض,1
2197,الأهرام الجبل,1
2198,سرصفد,1
2188,بالحاجبية,1
2196,الخافقين,1
2195,بالطويلية,1
2194,تربة طاز,1
2193,أشباه,1
2192,عزار,1
2191,أحجار,1
2190,بتبوك,1
2189,بممن,1
2187,الأكابر,1
2186,الاستب,1
2185,الزجاج,1
2183,دحيبات,1
2211,ضحوة,1
2184,لكالكوت,1
2210,بالحظارة,1
2232,بجوخا,1
2212,إبطال,1
2213,بخجندة,1
2240,القاف,1
2181,الدرب الأحمر,1
2239,دار الأمارة,1
2238,الجودرية,1
2237,ببرزة,1
2236,أشهر,1
2235,القطب,1
2234,بسواسوا,1
2233,بقاوان,1
2231,كربال,1
2230,صهريج,1
2229,بالصبانيين,1
2228,ضرير,1
2227,بعجرود,1
2226,مأنوس,1
2225,باب على,1
2224,ماليخوليا,1
2223,منية غمرو,1
2222,بطوخ بني مزيد,1
2221,بجردمرد,1
2220,لشاروخ,1
2219,ترخان,1
2218,اشليم,1
2217,سمنديل,1
2216,خروبيتها,1
2215,الأسطوانة,1
2214,النهرين,1
2182,المغنم,1
2366,ديروطيا,1
2180,دملوه,1
2149,عيون القصب,1
2147,القرامطة,1
2146,النجيبية,1
2145,كنهايت,1
2144,بسندفا,1
2143,ربيع الأول,1
2142,فارتاش,1
2141,جاهنشاه,1
2140,بقنا,1
2139,باب الحبسة,1
2138,نوح,1
2137,بالساجور,1
2136,الخيضري,1
2135,اركماس,1
2134,الزاوية النعمانية,1
2133,المملكة اليمنية,1
2132,ك+ الينبوع,1
2131,آخره,1
2130,الشخيونية,1
2129,باشمون,1
2128,ببلقاس,1
2127,بمنا وهلة,1
2126,وباقراسنقرية,1
2125,الحبعانية,1
2124,ثالث,1
2123,خانكتها,1
2122,بالبشتكية,1
2242,بشفتراش,1
2148,ندمائه,1
2150,قبله,1
2179,باخودة,1
2151,تل حنين,1
2178,شام,1
2177,أم خنان,1
2176,وقيسارية,1
2175,بفاقوس,1
2174,المقياس,1
2173,قيصريه,1
2172,والخشقدمية,1
2171,الشمس الجوجري,1
2170,سره,1
2169,دير العشاري,1
2168,الصلحاء,1
2167,الخرم,1
2166,هلمان,1
2165,بالمحرد,1
2164,أجيرك,1
2163,المويلحة,1
2162,دمتا,1
2161,أمد أضمر,1
2160,أر الهرموزي,1
2159,بالقهوقية,1
2158,درب التتر,1
2157,درب السباع,1
2156,الآثار,1
2155,القوت,1
2154,بالابرقين,1
2153,بمليج,1
2152,القبقاب,1
2241,الحمريين,1
2337,بالشخونية,1
2243,الجبل التحتاني,1
2335,حلس,1
2333,المسجد المكي,1
2332,الكوم الريشي,1
2331,الازلم,1
2330,بنب,1
2329,الترجمان,1
2328,حانوت الطارمة,1
2327,ببوصير,1
2326,بشوايط,1
2325,يسألونك,1
2324,أقوابا,1
2323,ك+ لمز,1
2322,المغربين,1
2321,بالمحموية,1
2320,بالخروبية البدرية,1
2319,والزينية,1
2318,بقرقماس,1
2317,لدماص,1
2316,ودركو,1
2315,دركوا,1
2314,كازو,1
2313,بسجستان,1
2312,الشمس الغراقي,1
2311,بابوصير,1
2310,القبة الانوكية,1
2309,بعسفان,1
2308,أدارا,1
2307,جدري,1
2334,السرور,1
2336,الشمائل,1
2305,التركية,1
2120,خطبة,1
2364,تلوانة,1
2363,الخلد,1
2362,بمشتول الطواحين,1
2361,ببانقوسا,1
2360,والابناسي,1
2359,الأربعين,1
2358,خوزي,1
2357,وبيدمر,1
2356,رأس حارة,1
2355,مكة بالصر,1
2354,قرآ يوسف,1
2353,بقابروص,1
2352,العتيقة,1
2351,الحرم المدني,1
2350,ونطوبس,1
2349,كلالة,1
2348,بفاءين,1
2347,ك+ الريحانية,1
2346,السنجاب,1
2345,السنن,1
2344,بني سالم,1
2343,نمره,1
2342,بسودون,1
2341,دولة الأشرف,1
2340,الشاذبختية,1
2339,كوران,1
2338,والواووكسر,1
2306,ببنجالة,1
2304,باذرعات,1
2244,زمان,1
2273,ك+ تربة,1
2271,الأسمر,1
2270,بحسينية,1
2269,البساصية,1
2268,أسباط,1
2267,الاردبيلي,1
2266,خجا,1
2265,أسر,1
2264,أله,1
2263,حرور,1
2262,بليانة,1
2261,الحبشية,1
2260,قايتاي,1
2259,ضحى,1
2258,ابن,1
2257,البحلاق,1
2256,السمسار,1
2255,ابن الصلاح,1
2254,التفليسي,1
2253,العاصي,1
2252,بالشغر,1
2251,رأى,1
2250,أقصراي,1
2249,جيحون,1
2248,حنيفة,1
2247,البسطامية,1
2246,محراب,1
2245,بتبرين,1
2272,الحزورة,1
2274,ادكوبا,1
2303,بزاز,1
2275,لبسكرة,1
2302,بلكتمر,1
2301,الثغر الNOAN,1
2300,العريبة,1
2299,كلبرة,1
2298,نعير,1
2297,بمرعش,1
2296,حوائجه,1
2295,وبارنبار,1
2294,يونس الدوادار,1
2293,زنكلون,1
2292,بشبرا,1
2291,البقاع العزيزي,1
2290,زروق,1
2289,تربة الظاهر رقوق,1
2288,كراريس,1
2287,بمندة,1
2286,ك+ نده الظفاري,1
2285,عكار,1
2284,البردة,1
2283,روحا,1
2282,أعراب,1
2281,الشرواني,1
2280,مضيق,1
2279,كباس,1
2278,مندوه,1
2277,والانكحة,1
2276,المهمندار,1
2121,بالمعلان,1
2024,المنجكي,1
2119,البوادي,1
1963,الدواداريشبك,1
1961,الندا,1
1960,ببنب,1
1959,والبديرية,1
1958,كمشبغا الحموي,1
1957,الشوابكة,1
1956,وقرئت,1
1955,صودرا,1
1954,بالقحزية,1
1953,وبالقوسا,1
1952,الأبواب,1
1951,نابلي,1
1950,بالطوغانية,1
1949,باب جيرون,1
1948,السرب,1
1947,بحانقيا,1
1946,حجيرا,1
1945,بالغرية,1
1944,حطيبة,1
1943,بذويبة,1
1942,الشهاب,1
1941,خرائب عنتر,1
1940,الزبدانية,1
1939,طبلخناه,1
1938,رشوم,1
1937,بالبحرارية,1
1936,المسرطن,1
1935,إسحاق,1
1962,العدل,1
1964,الحارة الخاتونية,1
1933,تربة الرأس,1
1965,بركة قرموط,1
1992,يشبك جن,1
1991,الافرم,1
1990,بقراقاش,1
1989,سودون التركماني,1
1988,تلي,1
1987,الطريق الجديدة,1
1986,خواتيم,1
1985,لتمرلنك,1
1984,بقلتا,1
1983,يمن,1
1982,بحر الظلمات,1
1981,وواسط,1
1980,بدر والينبع,1
1979,ازدمر الأزبكي,1
1978,الشق,1
1977,بندركهنايت,1
1976,بلودره,1
1975,جزيرة بني نصر,1
1974,بجرجة,1
1973,لارنبغا,1
1972,عمائر,1
1971,درب الNOAN,1
1970,بورسا,1
1969,لسكندرية,1
1968,مشال,1
1967,السنهورية,1
1966,ببيرطاز,1
1934,الإهداء,1
1932,الفلس,1
1994,الريافة,1
1901,وباعون,1
1899,النصارى,1
1898,مستنصريتها,1
1897,بالمستنصرية,1
1896,مصرمن,1
1895,باب الناصر,1
1894,السلامى,1
1893,باللنكية,1
1892,خوند أم أنوك,1
1891,أم صلح,1
1890,ك+ زل الناصري,1
1889,ك+ أريحا,1
1888,ابشيه,1
1887,بنى الجيعان,1
1886,أبويه,1
1885,بجمقدارا,1
1884,بالخازندار,1
1883,وخازنداريته,1
1882,الدويدارية,1
1881,برقوقا,1
1880,أنس سبيل,1
1879,البهائم,1
1878,فولاد,1
1877,قلعة الرها,1
1876,السلحدار,1
1875,الشويكة,1
1874,الاقصرائي,1
1873,سبط الشنشي,1
1900,باعونة,1
1902,بمنوفوقرا,1
1931,الساهرة,1
1903,بالقفيلينسبة,1
1930,بالسيوفية,1
1929,النقاب,1
1928,بالدملوه,1
1927,بفلاميا,1
1926,زنبيل,1
1925,المحالب,1
1924,بالبدرية,1
1923,باب سر الصالحية,1
1922,ابن قرمان,1
1921,بالازيرق,1
1920,سرميناشتغل,1
1919,والقراات,1
1918,سراي بركة,1
1917,سنوت,1
1916,كفة,1
1915,أحد,1
1914,وبداريا,1
1913,ضفادع,1
1912,بالخانقاه السرياقوسية,1
1911,بمراغة,1
1910,الخياط,1
1909,بالاحساد,1
1908,بالسنجارية,1
1907,بصرفند,1
1906,صرفند,1
1905,عود,1
1904,بالخرية,1
1993,جاندار,1
1995,مملكة الحصن,1
2118,سمهود,1
2088,رمله,1
2086,بابشيط,1
2085,خولان الرازحي,1
2084,عذراء,1
2083,المدينة البنوية,1
2082,أفلاطون,1
2081,جاكردره,1
2080,بردين,1
2079,بالمقسي,1
2078,حمام جندر,1
2077,استادارا,1
2076,بالدقهلية,1
2075,الاقبغاوية,1
2074,بنى غمرين,1
2073,لتتا,1
2072,الشمام,1
2071,الأعفر,1
2070,بابيورد,1
2069,بدران,1
2068,لصافور,1
2067,منية عامل,1
2066,بحصكفا,1
2065,سرسة,1
2064,زاوية القادرية,1
2063,لكلبرجة,1
2062,ببيرم خجا,1
2061,سبيلا,1
2060,بالفناري,1
2087,وطنان,1
2089,النفيس,1
2058,طنبذي,1
2090,وطولقة,1
2117,مورع,1
2116,هسنا,1
2115,رامست,1
2114,بزببيد,1
2113,الجراونة,1
2112,جاوز,1
2111,بشردمة,1
2110,جرجرا,1
2109,باعون,1
2108,عاتكة,1
2107,حسن,1
2106,مسه بن سلسل,1
2105,أجناد,1
2104,أمليه,1
2103,الحجر الأسود,1
2102,القلمطانية,1
2101,أو,1
2100,لبان,1
2099,بلوك,1
2098,بالصيرمية,1
2097,بسلماس,1
2096,لدوماط,1
2095,عين حب,1
2094,توريز,1
2093,باب حزودة,1
2092,بائشام,1
2091,ابن رسلان,1
2059,الاستادراية,1
2057,نظم,1
1996,كسرياقوس,1
2026,وارزنكان,1
2023,الحبوش,1
2022,جوهر النوروزي,1
2021,مرجان,1
2020,درب جقمق,1
2019,بغا الشمسي,1
2018,ببلغادر,1
2017,باب البرقية,1
2016,آخر العقيبة,1
2015,السيفي,1
2014,بنى غالب,1
2013,ك+ جازان,1
2012,الخرازين,1
2011,بسنيكة,1
2010,زبيري,1
2009,بمشدالة,1
2008,ك+ دمشق,1
2007,تحنف,1
2006,والمنجكية,1
2005,الشركسية,1
2004,الفتنة,1
2003,تائها,1
2002,العنبريين,1
2001,الدملوه,1
2000,وكؤبنان,1
1999,الأفضلية,1
1998,غراب,1
1997,بحر المالح,1
2025,كنفوش,1
2027,جهان كير,1
2056,كاللالي,1
2028,ودوركي,1
2055,منية القط,1
2054,الرجع,1
2053,رمش,1
2052,الجزيرة القبلية,1
2051,بالعلاقمة,1
2050,أم,1
2049,مثناة,1
2048,إصفهان,1
2047,صراي,1
2046,بجماز,1
2045,الحرمة,1
2044,الشين,1
2043,وادي الآبار,1
2042,الماعوصة,1
2041,جزيرة قبرس,1
2040,سرور,1
2039,النوروزي,1
2038,بطبلخاناه,1
2037,قطلي,1
2036,دمرشاس,1
2035,كبيش,1
2034,وبيبرس,1
2033,بني منجا,1
2032,باب القلة,1
2031,بقراسقل,1
2030,جارقطلو,1
2029,بساجورا,1
2365,الإسطبل السلطاني,1
2805,بالكعكيين,1
2367,الجلال,1
2693,الاينالي,1
2706,تمتام,1
2705,مزورة,1
2704,صحراء,1
2703,دنديل,1
2702,ذواد,1
2701,عمره,1
2700,مدوكال,1
2699,سودون العجمي,1
2698,سودون الظريف,1
2697,سودون الظاهري,1
2696,قراسقل,1
2695,الظاهري,1
2694,قراقاش,1
2692,الحريم,1
2368,دار التفاح,1
2691,قندوره,1
2690,أقطاع,1
2689,خوند,1
2688,بقندورة,1
2687,أتأبك,1
2686,الآمرة,1
2685,المعرانة,1
2684,وخوارزم,1
2683,عراق العجم,1
2682,ومازندران,1
2681,والخشابين,1
2680,الجمدار,1
2679,شرباش,1
2707,بزرزرا,1
2708,الكدرا,1
2709,للبيبرسية,1
2710,طوغان قيز,1
2737,ك+ البرقة,1
2736,باللاحية,1
2735,حدره,1
2734,الفرحانية,1
2733,المالقي,1
2732,والمراغي,1
2731,مسحرا,1
2730,شرباص,1
2729,الهبيرة,1
2728,رساع,1
2727,اطمش,1
2726,كيهك,1
2725,برمودة,1
2724,بابه,1
2723,وهتور,1
2722,توت,1
2721,بشنس,1
2720,وبؤون أبيب,1
2719,برمهات,1
2718,أم سليمان,1
2717,أمشير,1
2716,باب السلسلة,1
2715,بطيخ,1
2714,طوخ مازي,1
2713,الراكز,1
2712,السلحدارية,1
2711,دواداره,1
2678,المويدية,1
2677,صهرد,1
2676,شقرون,1
2645,رازنان,1
2643,ببلادلار,1
2642,الشعر,1
2641,أباريق,1
2640,بمنشية المهراني,1
2639,بالعاشورية,1
2638,المزجاجة,1
2637,والزنجيلية,1
2636,سلار,1
2635,أتراك,1
2634,الزين,1
2633,بيسوس,1
2632,العصياتي,1
2631,الكداشين,1
2630,حماد,1
2629,والجانبكية,1
2628,اشمون الرمان,1
2627,منية حديد,1
2626,مهملات,1
2625,عازب,1
2624,وبانبابة,1
2623,المناوات,1
2622,المهدوي,1
2621,بني سلسبيل,1
2620,اتريس,1
2619,بوردان,1
2618,كاليكوت,1
2617,والثغرين,1
2644,والقراسنقورية,1
2646,تمام,1
2675,بالمسرطن,1
2647,حوشهم,1
2674,منشية,1
2673,خزانة شمائل,1
2672,برقوق,1
2671,مخلاف,1
2670,تامستا,1
2669,بتغري,1
2668,تل بسطه,1
2667,طرآ,1
2666,وبالبشتيلية,1
2665,العصرونية,1
2664,بالزنكلونية,1
2663,بالطازية,1
2662,والخاصكية,1
2661,والميمونية,1
2660,والقشتمرية,1
2659,بالبردبكية,1
2658,الوسطي,1
2657,بالزبيري,1
2656,للصالحية,1
2655,أفيون,1
2654,العرب,1
2653,باحسيتا,1
2652,الصالح,1
2651,بيت وجيه,1
2650,طقتمش,1
2649,بعلجد,1
2648,والابناسية,1
2738,جب,1
2739,بردس,1
2740,بيزيد,1
2832,السباغين,1
2830,الشافعي,1
2829,التربة الدوادارية,1
2828,الحنفية,1
2827,وحبراض,1
2826,كفر الماء,1
2825,كسنباط,1
2824,السلط,1
2823,السويفي,1
2822,خلة,1
2821,خازنة,1
2820,سنيات,1
2819,وادي الهدة,1
2818,وكاليكوت,1
2817,المظفرية,1
2816,والسيفية,1
2815,المعلى,1
2814,زاده,1
2813,النزاع,1
2812,بطوس,1
2811,الحرير,1
2810,أهلكناها,1
2809,بسمدسية,1
2808,سابوري,1
2807,خندق المطرية,1
2806,حرير,1
1871,قلا,1
2804,البحري,1
2831,المرادنيين,1
2833,البكحري,1
2802,نيروز,1
2834,بني شيبه,1
2861,طب,1
2860,مصرنا,1
2859,سوق الغنم,1
2858,الجمالية اليوسفية,1
2857,الميراث,1
2856,اليمنة,1
2855,بكتمر,1
2854,درب النيدي,1
2853,شأوه,1
2852,لبجيلة,1
2851,تكتيب,1
2850,الحجازي,1
2849,الماليكة,1
2848,فيروز,1
2847,الدكة,1
2846,المملكتين,1
2845,نمسوية,1
2844,بنستورة,1
2843,بالقرندلية,1
2842,تربة بجاس,1
2841,بالقحماسية,1
2840,كالكوط,1
2839,نخيلا,1
2838,تربة بني فهد,1
2837,بالرحمانية,1
2836,بالشرجة,1
2835,مسراتا,1
2803,النصرانية,1
2801,وبالاشرفية,1
2741,شنين,1
2770,الجراير,1
2768,بكالكوت,1
2767,البهنسة,1
2766,زندقة,1
2765,أسا,1
2764,بالمزرق,1
2763,بنى تميم,1
2762,قرآ يلوك,1
2761,باب المندب,1
2760,توقات,1
2759,بالميراستان,1
2758,العرابة,1
2757,بنطوبس الرمان,1
2756,بهيت,1
2755,بالحسامية,1
2754,المخا,1
2753,القاري,1
2752,بالقليجية,1
2751,وبالشحر,1
2750,قويق,1
2749,الداوردية,1
2748,بشيشين,1
2747,طبنا,1
2746,البريد,1
2745,ساحل,1
2744,دله,1
2743,بيت نوروز,1
2742,مفرش,1
2769,الفرنوي,1
2771,الملاح,1
2800,والتكرور,1
2772,رأسه,1
2799,ارزنجان,1
2798,بشرا,1
2797,لبين العواميد,1
2796,بالبدرية اللطيفية,1
2795,المرفوع,1
2794,جعفر,1
2793,بني حرب,1
2792,بالمظفرية,1
2791,بالكلبرجية,1
2790,معلاتها,1
2789,لتليل,1
2788,الشغر,1
2787,بالستسقاء,1
2786,الناصريتين,1
2785,النارنج,1
2784,الفضائل,1
2783,أرض عجلون,1
2782,جرير,1
2781,دشت قبجاق,1
2780,الفاقوسي,1
2779,وبشبيش,1
2778,الصغير,1
2777,تمساح,1
2776,الموازيين,1
2775,غار,1
2774,لطنتدا,1
2773,رمة,1
2616,لدهروط,1
2615,بطنبذي,1
2614,نيل,1
2459,إد,1
2457,أشياء,1
2456,قلعة المرية,1
2455,بالجعبري,1
2454,التوريزي,1
2453,بالبديرية,1
2452,بيت هبا,1
2451,ساحل مور,1
2450,ماجن,1
2449,البرددارية,1
2448,بجروان,1
2447,التربة الجانبكية,1
2446,وبالبدرية,1
2445,الأعجام,1
2444,العنبرانيين,1
2443,الخاء,1
2442,قوبا,1
2441,باب شبيكة,1
2440,المظهرة,1
2439,ابلستين,1
2438,ضم,1
2437,السيوفيين,1
2436,النعام,1
2435,أرز,1
2434,والباريني,1
2433,والاتابكية,1
2432,أسها,1
2431,حاج طرخان,1
2458,أفئدة,1
2460,إستنبول,1
2429,بفيشا الحمراء,1
2461,دهرا,1
2488,والحسا,1
2487,فعوجل,1
2486,بنفشا,1
2485,باب سعادة,1
2484,خازنداريته,1
2483,برج إسكندرية,1
2482,ردوس,1
2481,ببيبرس,1
2480,جبينه,1
2479,قطلو,1
2478,عراق العرب,1
2477,للكانلية,1
2476,شاه,1
2475,جوشني,1
2474,رباطهم,1
2473,باللامية,1
2472,الرأس,1
2471,خليجان,1
2470,الألفيتين,1
2469,قبة النصر,1
2468,كافور,1
2467,بلبلس,1
2466,والنحرارية,1
2465,فرجان,1
2464,القشيرية,1
2463,حومة هراة,1
2462,هرا,1
2430,الانحدار,1
2428,تربة القطان,1
2490,بالجيهية,1
2397,باجهور,1
2395,والدوادار,1
2394,مرج الدحداح,1
2393,ششين الكوم,1
2392,النون,1
2391,القزازين,1
2390,طبلاوة,1
2389,سواحان,1
2388,الشعب الأقصى,1
2387,بركة جناق,1
2386,اللؤلؤة,1
2385,بالهجران,1
2384,الخراربة,1
2383,حب,1
2382,بالهنيدي,1
2381,نائب البلد,1
2380,عداس,1
2379,التربة الدوادرية,1
2378,بسال,1
2377,أبنائي,1
2376,سودون الفقيه,1
2375,السرحة,1
2374,الآخرة,1
2373,آخر,1
2372,بيت الزرندي,1
2371,دام,1
2370,الجشيشة,1
2369,اطلاب,1
2396,بنوي,1
2398,المجدية,1
2427,بيت البدر,1
2399,وادي حج,1
2426,ديمة,1
2425,بكلبرجه,1
2424,نبتيت,1
2423,قسطنينة,1
2422,طرأت,1
2421,الشامية البرانية,1
2420,الامشاطي,1
2419,لبقابرص,1
2418,ودهتورة,1
2417,بسطه,1
2416,دجلة,1
2415,درب المآسي,1
2414,بالبهرمس,1
2413,مصردا,1
2412,آبائه,1
2411,المفرانة,1
2410,أندلسيا,1
2409,نمري,1
2408,البياطرة,1
2407,تنبوك,1
2406,بالبتنون,1
2405,بالمهجم,1
2404,بشبرا الخيمة,1
2403,جولان,1
2402,ابن شقير,1
2401,جليجان,1
2400,بورك,1
2489,وادي الطائف,1
2491,كسر,1
2613,هرقل,1
2583,رنه,1
2581,أرض العجم,1
2580,أيدي,1
2579,الموز,1
2578,الملكية,1
2577,كسدلو,1
2576,العدول,1
2575,الساكن,1
2574,ببابزيا,1
2573,أمن سهل,1
2572,أنفاسي,1
2571,الجبل المقطم,1
2570,ببلطيم,1
2569,رباط السدرة,1
2568,الشادبختية,1
2567,صرد,1
2566,عصارة,1
2565,بدسوق,1
2564,قعيقعان,1
2563,لششين الكوم,1
2562,الأخيلة,1
2561,أبي خراش,1
2560,ديماس,1
2559,عنبريا,1
2558,أم رباط,1
2557,المنكب,1
2556,بشنفاس,1
2555,بالبسلقوني,1
2582,منية راضي,1
2584,لبليبسة,1
2553,قبقاب,1
2585,السنبكية,1
2612,بالمرشدية,1
2611,بتمرباي,1
2610,بمناوهل,1
2609,البيت الحرام,1
2608,بكتمر الحاجب,1
2607,سفط رشيد,1
2606,الفراق,1
2605,منية الشيرج,1
2604,المزاحمتين,1
2603,بقرايلوك,1
2602,الموقعين,1
2601,الغرق,1
2600,النجم العيني,1
2599,إسكندر,1
2598,بداريا,1
2597,بطنتدا قولنج,1
2596,أبيات,1
2595,بشبير,1
2594,بريحا,1
2593,العلاقمة,1
2592,البسلقون,1
2591,باب حطه,1
2590,العبي,1
2589,بعرمقزدربل,1
2588,بنبتيت,1
2587,بجلجوليا,1
2586,لوط,1
2554,بالجنيد,1
2552,البندقدارية,1
2492,باب الشامية,1
2521,الاشتغال,1
2519,الزيات,1
2518,مصلي,1
2517,تريز,1
2516,البشمقدار,1
2515,وطنبدا,1
2514,قجاجق,1
2513,بلباي,1
2512,جارقطلي,1
2511,بك,1
2510,تجريده,1
2509,باب المدرج,1
2508,الاشرفة,1
2507,وادكو,1
2506,جركسي,1
2505,القصاعية,1
2504,البادرية,1
2503,خانكاه,1
2502,قبرص,1
2501,البوشي,1
2500,وقبا,1
2499,ملوية,1
2498,أقفاص,1
2497,الأوسط,1
2496,بولاق قطنه,1
2495,فاسكور,1
2494,سفط ألحنا,1
2493,بنفيا,1
2520,قانباك,1
2522,بطنبدا,1
2551,بيت أم,1
2523,بالدوادار,1
2550,بالاسطا,1
2549,ك+ زبيد,1
2548,اللؤلؤية,1
2547,بني سرح,1
2546,بجويم,1
2545,أمة,1
2544,سوق طيلان,1
2543,بالبادرائية,1
2542,المقسي,1
2541,بالصارمية,1
2540,بدنبي,1
2539,منية الذيبة,1
2538,بالسوكة,1
2537,كوم الجارح,1
2536,والزمامية,1
2535,تركمانيا,1
2534,الشربخاناه,1
2533,الجزيرة الوسطانية,1
2532,برج السلطان,1
2531,بحر السلسلة,1
2530,نبصا,1
2529,المزدلفة,1
2528,للزردخاناه,1
2527,الخازن,1
2526,الشربخاناة,1
2525,بقانم,1
2524,بالريدانية,1
1872,كعب الاحبار,1
1431,البروجردى,1
1870,البهنسية,1
1203,بيت القدس,1
1216,وقف,1
1215,بابك,1
1214,باسعرد,1
1213,لازمور,1
1212,بالصردي,1
1211,والبادرائية,1
1210,لسيواس,1
1209,بالقرا,1
1208,بكتمر الساقي,1
1207,سوق الدريس,1
1206,الجامبكية,1
1205,شبرا النخلة,1
1204,اتابكيا,1
1202,المرسينة,1
1869,بهستا,1
1201,الجوجري,1
1200,الدواخل,1
1199,البلاطنسي,1
1198,الفجل,1
1197,قرآ الميعاد,1
1196,بجبرت,1
1195,البغلة,1
1194,شاطئ الفرات,1
1193,الاسنائي,1
1192,وباشموم,1
1191,آخر المحرم,1
1190,والخانكاه,1
1189,منية العامل,1
1217,أبي الحرم,1
1218,اندراس,1
1219,الذروة,1
1220,بلقانه,1
1247,سبيلين,1
1246,لجناج,1
1245,الاسمعيلي,1
1244,وسنباط,1
1243,اشكندرية,1
1242,آبار,1
1241,بككجة,1
1240,الفتوح,1
1239,باب الفراديس الشرقي,1
1238,بالابناسي,1
1237,الأسمطة,1
1236,الجفان,1
1235,قنطر السباع,1
1234,الحنك,1
1233,بالخانقاة البيبرسية,1
1232,بنى جماعة,1
1231,الخيول,1
1230,المهراني,1
1229,طن مر,1
1228,بدوينة,1
1227,بصري,1
1226,الذهوب,1
1225,بالديلمية,1
1224,عصفر,1
1223,اللقاني,1
1222,بدنجية,1
1221,والعادلية,1
1188,بابشويه,1
1187,مقدشوه,1
1186,دقات,1
1155,خروره,1
1153,بنى عطية الدنجاوي,1
1152,روذبار,1
1151,بني الخابوري,1
1150,البلقيني,1
1149,الفضل,1
1148,دكالة,1
1147,وجبرين,1
1146,جيمين,1
1145,شهامة,1
1144,ببلاطنس,1
1143,السامرة,1
1142,اشبونة,1
1141,بنى النويري,1
1140,بروسا,1
1139,برددارا,1
1138,تلمسين,1
1137,راهق,1
1136,ابمدة,1
1135,ك+ كريم,1
1134,التفليسى,1
1133,الارغوانية,1
1132,بزازا,1
1131,رمصان,1
1130,بلاد الدست,1
1129,طغز,1
1128,الوثائق,1
1127,بيت رسو,1
1154,الفارعة,1
1156,القرابة,1
1185,البسط,1
1157,الموصلي,1
1184,بربرا,1
1183,الأثرون,1
1182,مضان,1
1181,سفط,1
1180,البرمون,1
1179,الجزرية,1
1178,الأجناد,1
1177,الحصيب,1
1176,الرشا,1
1175,كازرون الكازروني,1
1174,سخنام,1
1173,يورسا,1
1172,فلوس,1
1171,بقعيقعان,1
1170,أسفل,1
1169,خندق,1
1168,المغازلي,1
1167,شيلاو,1
1166,ارسطاطاليس,1
1165,الحناوي,1
1164,طبر,1
1163,أرقطاي,1
1162,طنبذا,1
1161,ابام,1
1160,هادر المعزي,1
1159,الهرامزة,1
1158,أم دينار,1
1248,ذي,1
1249,باحسبتا,1
1250,بالطيلونية,1
1342,ريبه,1
1340,قيزطوغان,1
1339,عجيسة,1
1338,بونه,1
1337,رفد,1
1336,بتيزين,1
1335,شاذبك,1
1334,شبين القصر,1
1333,بالحلفاويين,1
1332,أتريب,1
1331,قجا السلحدار,1
1330,بارزنجان,1
1329,جنينه,1
1328,بخنية,1
1327,بدجوة,1
1326,بططر,1
1325,سلطنة الأشرف,1
1324,بركة الحبش,1
1323,التجاريد,1
1322,باب سر,1
1321,بيت تمربغا,1
1320,للسميساطية,1
1319,قطج,1
1318,جيزة,1
1317,الحلوانيين,1
1316,والامجدية,1
1315,أذرع,1
1314,باخميم,1
1341,الرجعة,1
1343,آبهة,1
1312,الوادي أشي,1
1344,وادي عنتر,1
1371,قلعة صفد,1
1370,جرجة,1
1369,الباب الشرقي,1
1368,بالعادلية,1
1367,وباحسيتا,1
1366,باينال,1
1365,البحر الأخضر,1
1364,بالمزاز,1
1363,المقشرة,1
1362,التتار,1
1361,بكمران,1
1360,ببلطا,1
1359,بلطا,1
1358,الأشرف الدوادارية,1
1357,الاجايز,1
1356,أحمد,1
1355,جاز,1
1354,المدينة الشمسية,1
1353,باستادار,1
1352,طحورية,1
1351,بالقيمرية,1
1350,قباب,1
1349,طرابس,1
1348,والقرافي,1
1347,رغبة الجلال,1
1346,أبا فارس,1
1345,أقام,1
1313,السمكر,1
1311,الطواشي,1
1251,بييغاروس,1
1280,باب بني شيبه,1
1278,المنكو,1
1277,بتتامن,1
1276,كفر طاب,1
1275,الصوفية,1
1274,بالحزامية,1
1273,اقفهس,1
1272,اسندرية,1
1271,خازندار,1
1270,دير كوش,1
1269,بجوبر,1
1268,والجعرانة,1
1267,بكختار,1
1266,الشمس بن شبيب,1
1265,الفراديس,1
1264,باب جياد,1
1263,بالطارمية,1
1262,أنس,1
1261,بالكاشور,1
1260,بتاذل,1
1259,هرون,1
1258,بجبانير,1
1257,بقينبر,1
1256,رباط العز,1
1255,بالبردان,1
1254,الطب,1
1253,رباطا,1
1252,بالاجايز,1
1279,محج,1
1281,زاوية الأعاجم,1
1310,بيت حسين,1
1282,بالسرورية,1
1309,باطرابلس,1
1308,بيت كبير,1
1307,الفاسي,1
1306,البرفقاسي,1
1305,مروهم,1
1304,ابن النبيه,1
1303,كنيته,1
1302,كوكب الحبشية,1
1301,صلحاء,1
1300,وبالتنكزية,1
1299,عين جالوت,1
1298,تجده,1
1297,تركية,1
1296,لارميون,1
1295,وادي بني سالم,1
1294,الواسطي,1
1293,برياط السدرة,1
1292,قرتيا,1
1291,بقاسيون,1
1290,بئر رباط,1
1289,الطنبدية,1
1288,رصافي,1
1287,القرمانية,1
1286,السلجوقية,1
1285,إمساك,1
1284,اقرنصا,1
1283,والانبابي,1
1126,الحطى,1
1125,موطأ,1
1124,الخلاعة,1
969,بفلبوي,1
967,غدفكان,1
966,مرستان,1
965,بقانصوه,1
964,والارغونية,1
963,رحبة الايدمري,1
962,عين بازان,1
961,كنبوش,1
960,التربة الظاهرية,1
959,بدمش,1
958,والازكوجية,1
957,نابت,1
956,أيلة,1
955,ببنمسوية,1
954,خبأن,1
953,والعمادية,1
952,بكرك الشوبك,1
951,وبلار,1
950,إسحاق الغربية,1
949,وبالقجماسية,1
948,بعدان,1
947,سيدي حبيب,1
946,لمنوف,1
945,بالفخة,1
944,السيوفية,1
943,باب الصحراء,1
942,بالادكاوي,1
941,تربة الست,1
968,باطريا,1
970,والجرومية,1
939,برصة,1
971,العناية,1
998,درب طاز,1
997,صرامة,1
996,صروخان,1
995,جبله,1
994,وجاورحتى,1
993,بالبراقية,1
992,بصرخد,1
991,للصغاني,1
990,بجرجرمن,1
989,انباس,1
988,أنشأ,1
987,ابن جوشن,1
986,باب التوتة,1
985,للبيسرية,1
984,كالياقوتية,1
983,بتريم,1
982,توكة,1
981,بالقوصية,1
980,أزبك الخارندار,1
979,قراقجا,1
978,بالنخالين,1
977,تمول,1
976,المنحنى,1
975,بالجردكية,1
974,بالخانقاة الزمامية,1
973,رباط خوزي,1
972,قرموط,1
940,بالبندقانيبن,1
938,القحمة,1
1000,بعمريط,1
907,التحريك,1
905,بالدواخلي,1
904,بالمويدية,1
903,لييلات,1
902,وصالحيتها,1
901,مكة أوائل,1
900,بسندبسط,1
899,وديسط,1
898,شنكان,1
897,بالدماتر,1
896,النجرارية,1
895,الساباط,1
894,الاقرم,1
893,وسرياقوس,1
892,بزيلع,1
891,درسه,1
890,بنواج,1
889,انبيا,1
888,بالمسلمية,1
887,بشيشين الكوم,1
886,بتشن,1
885,ديسط,1
884,بمرامز,1
883,باب الفرادسي,1
882,بازان,1
881,بحارة المنبجية,1
880,اقسنقر,1
879,سمرقندر,1
906,الجبرتي,1
908,باربس,1
937,نجية,1
909,والخطارة,1
936,خطى,1
935,البابكة,1
934,القرطبية,1
933,تقريا,1
932,هتاك,1
931,سمندره,1
930,صلاحية المقدس,1
929,شختورا,1
928,للمؤيدية,1
927,وبالجانبكية,1
926,صثفر,1
925,بطيلان,1
924,بطنا,1
923,بالعلائية,1
922,ببشبيش,1
921,ببسيون,1
920,الشاعم,1
919,والخانقاه,1
918,ببحرق,1
917,باشموم طناح,1
916,القولنج,1
915,وبجاية,1
914,بادمع,1
913,الخرنفش,1
912,رمضا,1
911,والزبداني,1
910,حمزة,1
999,كي,1
1001,بالصاحبية,1
1123,أرجوزة,1
1093,سويقه المنصوري,1
1091,شافعيان,1
1090,خراج,1
1089,حانوت باب الشعرية,1
1088,وبالعذراوية,1
1087,بنشيل,1
1086,الغور الشامي,1
1085,بجلجولية,1
1084,بيتهم,1
1083,سوله,1
1082,بالكافوري,1
1081,الحاكم,1
1080,بقراجا,1
1079,خلوة,1
1078,بكلمش,1
1077,دار,1
1076,بهائم,1
1075,عسكر الأشرف,1
1074,وجويرية,1
1073,خراشيا,1
1072,بالخواجا,1
1071,والفرحانية,1
1070,والعشقتمرية,1
1069,باشمون جريس,1
1068,ببرزة ظاهر,1
1067,الحوض الخراب,1
1066,بركة الناصري,1
1065,بالباطلية,1
1092,كفر بد,1
1094,الحلاوية النورية,1
1063,كائنة سوار,1
1095,بندر الينبوع,1
1122,جماعة,1
1121,والمزبر,1
1120,غار ثور,1
1119,دمياط نزر,1
1118,بيابة,1
1117,بالبسطيين,1
1116,درب قراجا,1
1115,بالصلاخية,1
1114,مقطم,1
1113,الغزالية,1
1112,الوظائف,1
1111,الغرابية,1
1110,أرض,1
1109,بالفرغل,1
1108,المهحم,1
1107,جبره,1
1106,صعيد,1
1105,الجبيل الصغير,1
1104,زكريا,1
1103,لخميا,1
1102,الصيرامي,1
1101,أم زرع,1
1100,بالجانبكية,1
1099,نوادر,1
1098,فأل,1
1097,الحلاوى,1
1096,مزار,1
1064,للاتابكية,1
1062,صرق,1
1002,الطنبذية,1
1031,وبيشة,1
1029,المالكي,1
1028,سبط,1
1027,باب بزاعا,1
1026,بحر,1
1025,ثروان,1
1024,حمأ,1
1023,استيوم,1
1022,ترخم,1
1021,الشام البلاطنسي,1
1020,حوش السعيدية,1
1019,ببكيبكة,1
1018,بالخشابية,1
1017,بمنشية,1
1016,طه,1
1015,لدابول,1
1014,البوتيجي,1
1013,والمحالبية,1
1012,صليبه,1
1011,الشيح,1
1010,الجزازين,1
1009,بطندتا,1
1008,باب الخرق,1
1007,تربة الناعورة,1
1006,سلومد,1
1005,ك+ تامة,1
1004,بالجاولية,1
1003,بالمعلاء,1
1030,بمرصفا,1
1032,ثغر,1
1061,الرونق البهج,1
1033,النجابة,1
1060,قلعة النجا,1
1059,الهرموز,1
1058,مشارفه,1
1057,دهروط,1
1056,الماطيين,1
1055,الباسطية,1
1054,بسملة,1
1053,سويقه االصاحب,1
1052,بحر النيل,1
1051,جدار,1
1050,الفيل,1
1049,بالبيسير,1
1048,خشخاشة,1
1047,لقشتيل,1
1046,لواثة السفطي,1
1045,كيلان,1
1044,سوق الليل,1
1043,شق الثعبان,1
1042,لمندوة,1
1041,الغنامية,1
1040,لواثا,1
1039,لهيه,1
1038,جمدار,1
1037,أربة,1
1036,بهمدان,1
1035,الهائم,1
1034,بين,1
1372,بشتك,1
1373,رغبة بني الأمانة,1
1374,الطوالع,1
1715,بماهان,1
1713,البؤس,1
1712,بيت قراجا,1
1711,بمرسيفون,1
1710,لدة,1
1709,خبزة,1
1708,سوق اللبن,1
1707,بلانا,1
1706,باب الصاغة,1
1705,حشمة,1
1704,جبل زرهون,1
1703,العباسة,1
1702,قاسم,1
1701,لببا,1
1700,الحبك,1
1699,الإسطنبولي,1
1698,بالاقباعي,1
1697,لخيبر,1
1696,تربة الدوادار,1
1695,باليعقوبة,1
1694,والايتمشية,1
1693,صاوبولي,1
1692,أسره,1
1691,اصطنبول,1
1690,اشموم جريس,1
1689,محضر,1
1688,قجا,1
1687,كريه,1
1714,بخانقيا,1
1716,إسناد,1
1685,نرستك,1
1717,بكجور,1
1744,ظاهريه العباسية,1
1743,بجماعيل,1
1742,سنكلوم,1
1741,والخليف,1
1740,ببرنكيم,1
1739,والزيرك,1
1738,الدكناء,1
1737,اتادارية,1
1736,دير الطين,1
1735,ينبغ,1
1734,حسان,1
1733,الصين,1
1732,رسا,1
1731,أريحا,1
1730,يأنس,1
1729,رباطه,1
1728,البحر الملج,1
1727,بعشما,1
1726,أميان,1
1725,سمان,1
1724,تجريده سوار,1
1723,رمد,1
1722,شكال,1
1721,بالمرستان,1
1720,النورية,1
1719,الحسامية,1
1718,رويان,1
1686,بالبحمون,1
1684,بخواجا جهان,1
1746,منية القائد,1
1653,بحاء,1
1651,بقجماس,1
1650,والقرا س+ نقريه,1
1649,وتمراز,1
1648,اليانسية,1
1647,تربة السلطان,1
1646,الرحبية,1
1645,أبا القسم,1
1644,أشي,1
1643,والبيرسية,1
1642,السلسلة,1
1641,بني النصيبي,1
1640,هامدة,1
1639,تربة الاوجاقي,1
1638,الأرنبية,1
1637,الكيزاني,1
1636,العقبة الصغرى,1
1635,الحناء,1
1634,الكركي,1
1633,بالوراريق,1
1632,بر العجم,1
1631,بيعقوبا,1
1630,هدة,1
1629,رمح,1
1628,لانبوية,1
1627,دار البطيخ,1
1626,غسان,1
1625,عقير,1
1652,وقطز,1
1654,كمسامح,1
1683,الشابانية,1
1655,الابلستين,1
1682,اكجرات,1
1681,لنلزهة,1
1680,بالرسلانية,1
1679,مؤمن,1
1678,انلغد,1
1677,برصافا,1
1676,أم الصالح,1
1675,باب أجياد,1
1674,الازهرللتقسيم,1
1673,ابن الغزولي,1
1672,شراز,1
1671,المشكاة,1
1670,بخنج,1
1669,الأزرق,1
1668,وادي منى,1
1667,كانبابة,1
1666,بطنبد,1
1665,جد,1
1664,عذيبة,1
1663,رزيقا,1
1662,أم القرا,1
1661,افلوري,1
1660,ببارنبارة,1
1659,القباني,1
1658,بالعباسة,1
1657,بالخانقان,1
1656,بالتبانية,1
1745,الفقاهة,1
1747,دولة,1
1623,السوية,1
1839,الطولوني,1
1837,مريوط,1
1836,الحوباني,1
1835,الطنبغا,1
1834,المرقبي,1
1833,أحمان,1
1832,الوأر,1
1831,حجر السعادة,1
1830,الصوة,1
1829,قرنكرات,1
1828,توقياميس,1
1827,لتوقياميس,1
1826,كائنة الرها,1
1825,طوخا,1
1824,العشير,1
1823,الآبار,1
1822,بالخازندارية,1
1821,باورمة,1
1820,رخ,1
1819,وبالزمامية,1
1818,تفقه,1
1817,بيبرس,1
1816,المراغي,1
1815,قسطنطينة,1
1814,أملاق,1
1813,بحبراض,1
1812,وبالسكندري,1
1811,ناب,1
1838,شيطان,1
1840,الجمالي,1
1809,بفناها,1
1841,اقبغا,1
1868,وجرباش,1
1867,البهلوان,1
1866,حاج المحمل,1
1865,الفساقي,1
1864,قزل,1
1863,وسلحدارا,1
1862,جهز,1
1861,مرج دابق,1
1860,اترار,1
1859,جنكزخان,1
1858,قرآ باغ,1
1857,الزلابية,1
1856,أبي قبيس,1
1855,سمور,1
1854,بالبهنساوية,1
1853,اليربوع,1
1852,الدجاجين,1
1851,س+ يوط,1
1850,واخميم,1
1849,الكهف,1
1848,بكردنكس,1
1847,تبريزيا,1
1846,اسنبغا,1
1845,أصلان,1
1844,لحجوبية,1
1843,وخازندار,1
1842,مال,1
1810,بل,1
1808,بزنورة,1
1748,أرض الطبالة,1
1777,بمشامش,1
1775,الحرمين المحيوي,1
1774,الدمارة,1
1773,وابيار,1
1772,النويريين,1
1771,الرقاقية,1
1770,تأسف,1
1769,والرحبية,1
1768,الفاضلية,1
1767,ثقيف,1
1766,الخانكي,1
1765,هامات,1
1764,ججا,1
1763,بلار,1
1762,مكة أدرك,1
1761,ثور,1
1760,البلالي,1
1759,الرسائل,1
1758,رديني,1
1757,نقيرين,1
1756,تغري,1
1755,سمعان,1
1754,قيلان,1
1753,بنقاوس,1
1752,بالتمسخر,1
1751,منية بدر,1
1750,القصاعين,1
1749,الكعكيبن,1
1776,والشاطبية,1
1778,ك+ المنية,1
1807,سويقه اللالا,1
1779,شبا,1
1806,مكة قطنها,1
1805,الكنية,1
1804,بصوينة,1
1803,بالبارزية,1
1802,الشمس المالقي,1
1801,الوسواس,1
1800,اليسع,1
1799,بالرازي,1
1798,باللوق,1
1797,ك+ دمياط,1
1796,وبرنشت,1
1795,ججة,1
1794,الأرفية,1
1793,زريق,1
1792,مئزر,1
1791,بتمرلنك,1
1790,ليال,1
1789,شنويه,1
1788,كفر دمرداش,1
1787,تأليفي,1
1786,المدينة البيضاء,1
1785,لصوينة,1
1784,بباعونة,1
1783,باب القوس,1
1782,الإبانة,1
1781,باصفون,1
1780,وبهتيت,1
1624,ببزوك,1
1622,بالخانقاه النجمية,1
1375,الجماديين,1
1467,لجلجوليا,1
1465,لتلعفر,1
1464,الحاء,1
1463,للجعفرية,1
1462,لابوتيج,1
1461,القلاقسي,1
1460,القيصراني,1
1459,الجركسية,1
1458,بني ثقبه,1
1457,ميلب,1
1456,أم ألوفا,1
1455,راجح,1
1454,الزرزر,1
1453,الزنيية,1
1452,أم ريم,1
1451,زركش,1
1450,ولده,1
1449,جمادى,1
1448,المكاري,1
1447,جاركس,1
1446,الجزيرة وواسط,1
1445,روح,1
1444,بنى,1
1443,الجناير,1
1442,الحلاوية,1
1441,العبلا,1
1440,مآرب,1
1439,المحرقى,1
1466,لتلوانة,1
1468,وجرجان,1
1437,باللاطنقشية,1
1469,جعبر,1
1496,الدفريين,1
1495,بطرا,1
1494,الخانكاه,1
1493,بلينه,1
1492,سوط واو,1
1491,لبليان,1
1490,للبيجور,1
1489,لبردين,1
1488,التريكي,1
1487,طنبدي,1
1486,لابوصير,1
1485,الادكاوي,1
1484,أباد,1
1483,لادكو,1
1482,بحر الشام,1
1481,لبرزلة,1
1480,الغمرية,1
1479,لبارنبار,1
1478,لبجاية,1
1477,لدهمرو,1
1476,لدهتورة,1
1475,الدمامرة,1
1474,خجند,1
1473,لجوجر,1
1472,جاجرم,1
1471,لبلبيس,1
1470,الدميسني,1
1438,أمنه,1
1436,المرداني,1
1498,لقويسنة,1
1404,حلفا,1
1402,قاوان,1
1401,القليوبي,1
1400,القرافي,1
1399,لمناوهلة,1
1398,نطوبس,1
1397,بني الجيعان,1
1396,البالسي,1
1395,ردأن,1
1394,بالقابسي,1
1393,نفيا,1
1392,سخاوسنهور,1
1391,القائد,1
1390,سقاقس,1
1389,الاقفاصي,1
1388,مكة الاقفهسي,1
1387,جبل البقاع العزيزي,1
1386,الضم,1
1385,بشارمساح,1
1384,بالخانقاة,1
1383,بتادف,1
1382,طوغان,1
1381,خرت برت,1
1380,البالسية,1
1379,بالكرماني,1
1378,الدعدع,1
1377,وادي ينبوع,1
1376,دار منجك اليوسفي,1
1403,حنتم,1
1405,مكة المدينة,1
1435,ببسق,1
1406,المارستاني,1
1434,آدم,1
1433,رام,1
1432,بالبقاعى,1
1430,بالحريرين,1
1429,الكافروي,1
1428,النفاس,1
1427,بحر الفرات,1
1426,القوصي,1
1425,دار الطعم,1
1424,مشهد صالح,1
1423,بالخواصين,1
1422,أرخه,1
1421,المنفلوطي,1
1420,المحرقة,1
1419,بني خصيب,1
1418,الملتوتي,1
1417,المناوهلي,1
1416,أبين,1
1415,لكازرون,1
1414,الاباريقي,1
1413,الكازروني,1
1412,لكرمان,1
1411,القونوي,1
1410,القليجي,1
1409,الشام الكفيري,1
1408,تربة الزمام,1
1407,بالمنهلي,1
1497,وذيبة,1
1499,العيني,1
1621,ببارنبار,1
1591,التلواني,1
1589,شيشين,1
1588,الركسنية,1
1587,بدلجة,1
1586,ضم المهملة,1
1585,الغراقة,1
1584,بالخشابين,1
1583,النويري,1
1582,ونويرة,1
1581,بني النويري,1
1580,أديار,1
1579,لسوهاء,1
1578,بنيزيز,1
1577,شبنكالة,1
1576,لاصبهان,1
1575,باب الجديد,1
1574,بالخيف,1
1573,السنقورية,1
1572,هاء,1
1571,همزة ممالة,1
1570,الجردكية,1
1569,بالقبانة,1
1568,عين ثرمان,1
1567,بقنيطرة,1
1566,طبية,1
1565,طبيبة,1
1564,أبي زويلة,1
1563,الشريفة,1
1590,نزر,1
1592,نكد,1
1561,بربره,1
1593,البشتكية,1
1620,والمجدل,1
1619,أصالة,1
1618,لازمني,1
1617,الدقماقية,1
1616,بالسنيبلة,1
1615,تربة ناصر,1
1614,باب الزهومة,1
1613,بكلبرجة,1
1612,الحلي,1
1611,زقاق الحجر,1
1610,وفارسكورود,1
1609,خربه روحاء,1
1608,بالزبداني,1
1607,كزلبغا,1
1606,أولاد تمر,1
1605,الزهومة,1
1604,باطل,1
1603,أفرش,1
1602,الملك,1
1601,آليان,1
1600,الماغوصة,1
1599,المملكة المصرية,1
1598,لصنندفا,1
1597,العافية,1
1596,العمدة,1
1595,قبة الصالح,1
1594,قريبة,1
1562,وطنتدا,1
1560,القانبيهية,1
1500,طنبا,1
1529,الشقطي,1
1527,الشارمساحي,1
1526,السخاوي,1
1525,الشراريبي,1
1524,السلموني,1
1523,نونين,1
1522,زينون,1
1521,للزبيرية,1
1520,زراتيت,1
1519,ذيبي,1
1518,سربام,1
1517,السدرسي,1
1516,الذيبة,1
1515,السندفائي,1
1514,لطبلاوة,1
1513,لقيسارية,1
1512,ك+ الأول,1
1511,لقوص,1
1510,القويسني,1
1509,وهرمز,1
1508,الأجر,1
1507,الصندلي,1
1506,لغراقة,1
1505,العياشي,1
1504,البرشكي,1
1503,العيزري,1
1502,العيزرية,1
1501,لطلخا,1
1528,حيص,1
1530,الشغري,1
1559,أملاق زائد,1
1531,شرجه,1
1558,بيدمر,1
1557,بالاتابكية,1
1556,بالزواية,1
1555,وبالبيبرسية,1
1554,بيت وجاهة,1
1553,الإيوان,1
1552,بشقان,1
1551,املحلة,1
1550,لعبك,1
1549,خربة روحاء,1
1548,وقتابل,1
1547,ألدكن,1
1546,بكلبرجا,1
1545,بالنابتية,1
1544,الروضة النبوية,1
1543,ازلان,1
1542,الخانقاة,1
1541,رمان,1
1540,ترب الأشرف,1
1539,شبري النخلة,1
1538,بالازهروحضر,1
1537,لغنجار,1
1536,هيأ,1
1535,دمش,1
1534,بني عليبة,1
1533,بحارة زويلة,1
1532,وسكندرية,1
2862,بالمليسا,1
